course,Skills_Text
Google Cybersecurity,"c, cloud computing, databases, linux, python, r, sql"
Google Data Analytics,"c, data science, data visualization, databases, r, sql, tableau"
Google Project Management:,"agile software development, c, r, software engineering"
Google Digital Marketing & E-commerce,"c, git, r, web development"
Google IT Support,"c, cloud computing, linux, r"
IBM Data Science,"c, cloud computing, data science, data visualization, databases, deep learning, machine learning, python, r, sql"
Google UX Design,"c, r, web development"
IBM Data Analyst,"c, cloud computing, data science, data visualization, databases, machine learning, python, r, sql"
Machine Learning,"c, deep learning, machine learning, neural networks, python, r, tensorflow"
Introduction to Data Science,"c, cloud computing, data science, databases, deep learning, machine learning, python, r, sql"
Generative AI for Everyone,r
IBM DevOps and Software Engineering,"agile software development, c, cloud computing, docker, kubernetes, linux, python, r, software engineering"
IBM Full Stack Software Developer,"c, cloud computing, databases, docker, java, javascript, kubernetes, python, r, software engineering, sql, web development"
Key Technologies for Business,"c, cloud computing, computer vision, data science, deep learning, machine learning, neural networks, r"
Data Science Fundamentals with Python and SQL,"c, cloud computing, data science, databases, python, r, sql"
IBM & Darden Digital Strategy,"c, cloud computing, computer vision, data science, data visualization, databases, deep learning, machine learning, neural networks, python, r, sql"
IBM Data Engineering,"c, cloud computing, data science, data visualization, databases, kubernetes, linux, machine learning, python, r, sql"
IBM Data Analytics with Excel and R,"c, data science, data visualization, databases, machine learning, python, r, sql"
Data Analysis and Visualization Foundations,"c, data science, data visualization, databases, python, r, sql"
Deep Learning,"c, computer vision, deep learning, machine learning, neural networks, python, r, tensorflow"
IBM AI Foundations for Business,"c, cloud computing, computer vision, data science, deep learning, machine learning, neural networks, r"
Data Engineering Foundations,"c, cloud computing, data science, databases, python, r, sql"
IBM Back-End Development,"agile software development, c, cloud computing, databases, docker, kubernetes, linux, python, r, software engineering, sql, web development"
Applied Data Science,"c, data science, data visualization, machine learning, python, r"
IBM Applied AI,"c, cloud computing, computer vision, data science, deep learning, machine learning, neural networks, python, r"
Excel Skills for Business,"c, data visualization, databases, r"
Applied Software Engineering Fundamentals,"agile software development, c, linux, python, r, software engineering"
Generative AI with Large Language Models,"c, machine learning, python, r"
Google Advanced Data Analytics,"c, machine learning, python, r, tableau"
"DevOps, Cloud, and Agile Foundations","agile software development, c, cloud computing, r, software engineering"
Meta Front-End Developer,"c, css, html, java, javascript, linux, r, software engineering, web development"
Cloud Application Development Foundations,"c, cloud computing, java, javascript, r, sql, web development"
Foundations of Project Management,"c, r"
Foundations of Cybersecurity,"c, linux, r, sql"
IBM IT Support,"c, cloud computing, databases, r, software engineering"
"Foundations: Data, Data, Everywhere","c, data science, data visualization, databases, r, sql"
IBM IT Project Manager,"agile software development, c, cloud computing, python, r, software engineering"
Google IT Automation with Python,"c, cloud computing, python, r"
Information Technology (IT) and Cloud Fundamentals,"c, cloud computing, databases, r, software engineering"
Prompt Engineering,"c, r"
Microsoft Power BI Data Analyst,"c, power bi, r, sql"
IBM Data Warehouse Engineer,"c, cloud computing, data science, databases, linux, python, r, sql"
IBM Cybersecurity Analyst,"c, cloud computing, databases, linux, python, r, sql"
AI For Everyone,"c, data science, deep learning, machine learning, neural networks, r"
Supervised Machine Learning: Regression and Classification,"c, machine learning, python, r"
IBM DevOps and Software Engineering,
IBM Front-End Developer,"agile software development, c, cloud computing, java, javascript, python, r, software engineering, sql, web development"
Technical Support Fundamentals,"c, r"
Business Foundations,"c, git, r"
"BI Foundations with SQL, ETL and Data Warehousing","c, cloud computing, databases, linux, python, r, sql"
AI Foundations for Everyone,"c, cloud computing, computer vision, data science, deep learning, machine learning, neural networks, r"
IBM IT Scrum Master,"agile software development, c, cloud computing, python, r, software engineering"
IBM Project Manager,"agile software development, c, r, software engineering"
IBM Applied DevOps Engineering,"agile software development, c, cloud computing, docker, kubernetes, r, software engineering"
IBM AI Engineering,"c, computer vision, data science, data visualization, deep learning, machine learning, neural networks, python, r, tensorflow"
IT Fundamentals for Cybersecurity,"c, cloud computing, databases, linux, r, sql"
Mathematics for Machine Learning and Data Science,"c, machine learning, neural networks, python, r"
Python for Everybody,"c, css, data visualization, databases, html, python, r, software engineering, sql, web development"
Meta React Native,"agile software development, c, css, html, java, javascript, linux, r, software engineering, sql, web development"
Project Execution: Running the Project,"c, r"
Tableau Public for Project Management and Beyond,
Meta Social Media Marketing,"c, git, r"
Foundations of Digital Marketing and E-commerce,"c, git, r"
Prompt Engineering for ChatGPT,"c, r"
Finance & Quantitative Modeling for Analysts,"c, r"
Introduction to Finance and Accounting,"c, r"
AI in Healthcare,"c, machine learning, r"
Machine Learning Engineering for Production (MLOps),"c, cloud computing, deep learning, feature engineering, kubernetes, machine learning, python, r, tensorflow"
Play It Safe: Manage Security Risks,r
Python 3 Programming,"c, python, r"
Natural Language Processing,"c, deep learning, machine learning, neural networks, python, r"
DeepLearning.AI TensorFlow Developer,"c, computer vision, data visualization, deep learning, machine learning, neural networks, python, r, tensorflow"
Meta Back-End Developer,"c, cloud computing, css, databases, html, java, javascript, kubernetes, linux, python, r, software engineering, sql, tensorflow, web development"
Meta iOS Developer,"c, java, javascript, linux, r, software engineering, web development"
Foundations of User Experience (UX) Design,"c, r"
Meta Android Developer,"c, java, javascript, linux, r, software engineering, sql, web development"
Business and Financial Modeling,"c, r"
AI For Business,"c, deep learning, machine learning, neural networks, r"
Become a CBRS Certified Professional Installer by Google,"c, r"
Intuit Academy Bookkeeping,"c, r"
Google Business Intelligence,"c, r, tableau"
Project Initiation: Starting a Successful Project,"c, r"
Ask Questions to Make Data-Driven Decisions,"c, r"
Meta Database Engineer,"c, databases, java, javascript, linux, python, r, software engineering, sql, tableau, tensorflow, web development"
Microsoft Cybersecurity Analyst,"azure, c, cloud computing, r"
Análisis de Datos de Google,"c, data visualization, databases, r, sql, tableau"
Business Analytics,"c, r"
HRCI Human Resource Associate,"c, r"
Connect and Protect: Networks and Network Security,"c, cloud computing, r"
Financial Markets,"c, r"
Ciberseguridad de Google,"linux, python, r, sql"
Indigenous Canada,"c, r"
The Bits and Bytes of Computer Networking,"c, cloud computing, r"
SAP Technology Consultant,"c, cloud computing, r"
IBM Machine Learning,"c, deep learning, feature engineering, machine learning, neural networks, python, r, tensorflow"
"TESOL Certificate, Part 1: Teach English Now!","c, r"
Preparing for Google Cloud Certification: Cloud Architect,"c, cloud computing, kubernetes, r"
IBM Introduction to Machine Learning,"c, feature engineering, machine learning, r"
Advanced Learning Algorithms,"c, deep learning, machine learning, neural networks, python, r, tensorflow"
Preparing for Google Cloud Certification: Cloud Engineer,"c, cloud computing, kubernetes, r"
Architecting with Google Compute Engine,"c, cloud computing, kubernetes, r"
Prepare Data for Exploration,"c, databases, r, sql"
Neural Networks and Deep Learning,"c, deep learning, machine learning, neural networks, python, r"
Microsoft 365 Fundamentals,"c, data visualization, databases, r"
Leading the Modern Day Business,"c, r"
Gestión de Proyectos de Google,"agile software development, c, r, software engineering"
Digital Product Management,"agile software development, c, r, software engineering"
Modern Project Management,"c, r"
Graphic Design,"c, r"
Leadership Skills,"c, r"
Improve Your English Communication Skills,"c, r"
The Materiality of ESG Factors,"c, r"
Regulatory Compliance,"c, r"
IBM Data Science,
Preparing for Google Cloud Certification: Machine Learning Engineer,"c, cloud computing, data visualization, deep learning, docker, feature engineering, machine learning, neural networks, python, r, sql, tensorflow"
Tools of the Trade: Linux and SQL,"databases, linux, sql"
Preparing for Google Cloud Certification: Cloud DevOps Engineer,"c, cloud computing, docker, kubernetes, r"
Google Cloud Database Engineer,"c, cloud computing, databases, kubernetes, r, sql"
Project Planning: Putting It All Together,"c, r"
The Science of Well-Being,r
AWS Cloud Technology Consultant,"c, cloud computing, python, r, web development"
Architecting with Google Kubernetes Engine,"c, cloud computing, kubernetes, r"
Writing in the Sciences,r
Foundations of Positive Psychology,"c, r"
"Start the UX Design Process: Empathize, Define, and Ideate","c, r"
Preparing for Google Cloud Certification: Cloud Developer,"c, cloud computing, docker, kubernetes, r, web development"
What is Data Science?,"c, data science, deep learning, machine learning, r"
Attract and Engage Customers with Digital Marketing,"c, git, r, web development"
AWS Cloud Solutions Architect,"c, cloud computing, data visualization, machine learning, r"
Learn SQL Basics for Data Science,"c, data science, databases, r, sql"
Introduction to Psychology,"c, r"
Construction Management,"c, r"
Salesforce Sales Operations,"c, data visualization, databases, r"
Preparing for Google Cloud Certification: Cloud Security Engineer,"c, cloud computing, kubernetes, r"
AWS Fundamentals,"c, cloud computing, databases, r"
Data Analysis and Presentation Skills: the PwC Approach,"c, data visualization, r"
Developing Applications with Google Cloud,"c, cloud computing, kubernetes, r, web development"
Supply Chain Management,"c, r"
Google Marketing Digital e E-Commerce,"c, r"
Preparing for Google Cloud Certification: Cloud Data Engineer,"c, cloud computing, databases, feature engineering, machine learning, python, r, sql, tensorflow"
Diseño de Experiencia del Usuario (UX) de Google,"c, r"
Preparing for Google Cloud Certification: Cloud Network Engineer,"c, cloud computing, kubernetes, r"
Security in Google Cloud,"c, cloud computing, kubernetes, r"
Networking in Google Cloud,"c, cloud computing, kubernetes, r"
Security Analyst Fundamentals,"c, python, r"
Introduction to Statistics,"c, r"
Introduction to Data Analytics,"c, data science, databases, python, r, sql"
Introduction to Generative AI,"c, deep learning, machine learning, neural networks, r"
IBM Data Analyst,
"Data Engineering, Big Data, and Machine Learning on GCP","c, cloud computing, databases, feature engineering, machine learning, python, r, sql, tensorflow"
Arizona State University TESOL,"c, r"
DevOps on AWS,"c, cloud computing, r, software engineering"
Process Data from Dirty to Clean,"c, databases, r, sql"
Agile Project Management,"agile software development, c, r, software engineering"
Microsoft Azure Data Engineering Associate (DP-203),"azure, c, cloud computing, databases, python, r, sql"
Operating Systems and You: Becoming a Power User,"linux, r"
Linear Algebra for Machine Learning and Data Science,"c, machine learning, python, r"
Generative AI Fundamentals,"c, machine learning, r"
ChatGPT Advanced Data Analysis,
Business Strategy,"c, r"
Digital Marketing,"c, data visualization, git, r"
"HTML, CSS, and Javascript for Web Developers","c, css, html, java, javascript, r, web development"
Entrepreneurship,"c, r"
Search Engine Optimization (SEO),"c, git, r, web development"
"Unsupervised Learning, Recommenders, Reinforcement Learning","c, deep learning, machine learning, r, tensorflow"
"NoSQL, Big Data, and Spark Foundations","c, cloud computing, databases, kubernetes, machine learning, python, r, sql"
"Python for Data Science, AI & Development","c, python, r"
AI Product Management,"c, data science, deep learning, machine learning, r"
Crash Course on Python,"c, python, r"
Google IT Support,
Data Structures and Algorithms,"c, c++, r"
Certified in Cybersecurity,"c, r"
Data Science,"c, data visualization, databases, machine learning, r, web development"
Generative Adversarial Networks (GANs),"c, computer vision, deep learning, machine learning, neural networks, python, r"
"Assets, Threats, and Vulnerabilities","c, linux, r"
Genomic Data Science,"c, python, r"
Cybersécurité Google,"linux, sql"
U.S. Federal Taxation,"c, r"
Algorithms,"c, r, software engineering"
Medical Billing and Coding Fundamentals,"c, r"
TensorFlow: Advanced Techniques,"c, computer vision, deep learning, machine learning, neural networks, python, r, tensorflow"
Applied Data Science with Python,"c, data visualization, machine learning, python, r"
Mathematics for Machine Learning,"c, machine learning, python, r"
Reinforcement Learning,"c, machine learning, neural networks, python, r"
Mergers and Acquisitions,"c, r"
Leading People and Teams,"c, r"
Fundamentals of Project Planning and Management,"c, r"
IBM Full Stack Software Developer,
The Business of Health Care,"c, r"
AI for Good,"c, computer vision, neural networks, python, r"
Analyze Data to Answer Questions,"c, r, sql"
Data Science: Foundations using R,"c, data visualization, databases, r"
Meta Marketing Analytics,"c, data visualization, databases, git, python, r, sql, tableau"
OKR Certification: Leadership and Goal Setting,"c, r"
Introduction to Artificial Intelligence (AI),"c, computer vision, data science, deep learning, machine learning, neural networks, r"
Achieving Personal and Professional Success,"c, r"
People and Soft Skills for Professional and Personal Success,"c, r"
Business Analytics with Excel: Elementary to Advanced,"c, data visualization, r"
System Administration and IT Infrastructure Services,"c, cloud computing, r"
Successful Negotiation: Essential Strategies and Skills,"c, r"
Financial Engineering and Risk Management,"c, r"
Introduction to Programming with Python and Java,"c, data science, data visualization, java, python, r, software engineering"
Entrepreneurship: Growing Your Business,"c, r"
Think like a CFO,"c, r"
Fintech: Foundations & Applications of Financial Technology,"c, machine learning, r"
Psychological First Aid,r
Google Data Analytics (PT),"c, data visualization, databases, r, sql, tableau"
Pharmacy Technician Fundamentals,"c, r"
Tools for Data Science,"c, cloud computing, data science, python, r"
Practical Data Science on the AWS Cloud,"c, r"
Private Equity and Venture Capital,"c, r"
Foundations of Business Intelligence,"c, r"
Geographic Information Systems  (GIS),"c, data visualization, databases, r"
Human Resource Management: HR for People Managers,"c, r"
Introduction to Negotiation: A Strategic Playbook for Becoming a Principled and Persuasive Negotiator,r
Software Product Management,"agile software development, c, r, software engineering"
Project Management & Other Tools for Career Development,"c, data visualization, deep learning, r"
"Product Ideation, Design, and Management","c, r, software engineering"
Excel Basics for Data Analysis,"c, data science, r"
UCI Project Management,"c, r"
Getting started with Google Workspace,"c, cloud computing, data visualization, databases, r"
Organizational Analysis,"c, r"
Google Data Analytics,"c, data visualization, databases, r, sql"
Programming for Everybody (Getting Started with Python),"c, python, r, software engineering"
Instructional Design Foundations and Applications,r
Generative AI for Everyone,"c, r"
"Improving Deep Neural Networks: Hyperparameter Tuning, Regularization and Optimization","c, deep learning, machine learning, neural networks, python, r, tensorflow"
Share Data Through the Art of Visualization,"c, data visualization, r, tableau"
AI for Medicine,"c, deep learning, machine learning, neural networks, python, r"
Foundations of Data Science,"c, r"
Sound the Alarm: Detection and Response,"c, linux, r"
Microsoft Azure Fundamentals AZ-900 Exam Prep,"azure, c, cloud computing, databases, machine learning, r, web development"
Project Management,"agile software development, c, r"
Game Theory,"c, r"
UI / UX Design,"c, r, web development"
Foundations of Management,"c, r"
Bookkeeping Basics,"c, r"
Scrum Master Certification,"agile software development, c, r, software engineering"
Financial Analysis - Skills for Success,"c, r"
From Likes to Leads: Interact with Customers Online,"c, git, r"
Google Professional Workspace Administrator,"c, cloud computing, r"
Data Analysis with R Programming,"c, r, sql"
Connected Leadership,"c, r"
Tableau Business Intelligence Analyst,"c, data visualization, r, tableau"
Applied Data Science with R,"c, data science, data visualization, databases, machine learning, r, sql"
Stanford Introduction to Food and Health,r
IBM DevOps and Software Engineering,
Google Project Management,"c, c++, r"
Artificial Intelligence in Marketing,"c, git, machine learning, r"
Introduction to Cloud Computing,"c, cloud computing, r"
Clinical Trials Operations,"c, r"
Project Management Principles and Practices,"c, r"
Management of Fashion and Luxury Companies,"c, r"
Soporte de Tecnologías de la Información de Google,"c, cloud computing, linux, r"
Creative Writing,"c, r"
Introduction to Machine Learning in Production,"c, machine learning, r"
"Influencing: Storytelling, Change Management and Governance","c, r, tensorflow"
Automate Cybersecurity Tasks with Python,"c, python, r"
IT Security: Defense against the digital dark arts,"c, r"
Principles of Management,"c, r"
Build Wireframes and Low-Fidelity Prototypes,"c, r"
Accelerated Computer Science Fundamentals,"c, c++, r"
Career Success,"c, data visualization, deep learning, r"
AI Fundamentals for Non-Data Scientists,"c, deep learning, machine learning, neural networks, r"
Intellectual Property Law,"c, r"
Fundamentals of Quantitative Modeling,"c, r"
Methods and Statistics in Social Sciences,"c, r"
Pricing Strategy Optimization,"c, r"
Modern and Contemporary Art and Design,"c, r"
The Strategy of Content Marketing,"git, r"
Introduction to Healthcare,r
Capstone: Applying Project Management in the Real World,"c, r"
Java Programming and Software Engineering Fundamentals,"c, css, html, java, javascript, r, software engineering, web development"
Natural Language Processing with Classification and Vector Spaces,"c, machine learning, python, r"
Introduction to Cybersecurity Tools & Cyber Attacks,"c, r"
"Brand Management: Aligning Business, Brand and Behaviour",r
Machine Learning on Google Cloud,"c, cloud computing, data visualization, deep learning, feature engineering, machine learning, neural networks, python, r, sql, tensorflow"
Removing Barriers to Change,"c, r"
Google Cloud Digital Leader Training,"c, cloud computing, kubernetes, machine learning, r, software engineering"
SAS Programmer,"c, databases, r, sql"
Management Consulting,"c, r"
Excel Skills for Data Analytics and Visualization,"c, data visualization, power bi, r"
MATLAB Programming for Engineers and Scientists,"c, data visualization, machine learning, matlab, r"
Managing Emotions in Times of Uncertainty & Stress,c
Strategic Leadership and Management,"c, r"
Software Design and Architecture,"c, data visualization, java, r, software engineering"
"Effective Communication: Writing, Design, and Presentation","c, r"
Scrum Master,"c, r"
Investment Management with Python and Machine Learning,"c, machine learning, python, r"
Academic English: Writing,r
(ISC)² Systems Security Certified Practitioner (SSCP),"c, cloud computing, r"
Agile Development,"agile software development, c, r, software engineering"
Introduction to Social Media Marketing,"c, git, r"
Introduction to Business,"c, git, r"
"Introduction to TensorFlow for Artificial Intelligence, Machine Learning, and Deep Learning","c, computer vision, deep learning, machine learning, neural networks, r, tensorflow"
Introduction to Calculus,"c, r"
Microsoft Azure Data Scientist Associate (DP-100),"azure, c, cloud computing, deep learning, machine learning, python, r"
Introduction to Discrete Mathematics for Computer Science,"c, python, r"
Project Launch,"c, r"
Machine Learning with Python,"c, machine learning, python, r"
Databases and SQL for Data Science with Python,"c, cloud computing, databases, python, r, sql"
Understanding the Brain: The Neurobiology of Everyday Life,r
Six Sigma Yellow Belt,"c, r"
Drug Development Product Management,r
Get Started with Python,"c, python, r"
Diversity and inclusion in the workplace,"c, r"
Business Data Management and Communication,"c, data visualization, r"
Put It to Work: Prepare for Cybersecurity Jobs,"c, python, r, sql"
Branding: The Creative Journey,"c, git, r"
Real-World Product Management,"c, r"
Introduction to Financial Accounting,"c, r"
Introduction to Systematic Review and Meta-Analysis,r
Google Project Management (DE),"c, r, software engineering"
Risk Management,"c, r"
Cybersecurity for Everyone,"c, r"
Agile with Atlassian Jira,"agile software development, c, r, software engineering"
Structuring Machine Learning Projects,"c, computer vision, deep learning, machine learning, neural networks, r"
Investment Management,"c, r"
Google Data Analytics Capstone: Complete a Case Study,"c, r, sql, tableau"
IBM Mainframe Developer,"c, r, software engineering"
Introduction to Marketing,"c, git, r"
Software Architecture for Big Data,"r, software engineering"
ITIL 4 Exam Preparation,r
Introduction to Project Management,"c, r"
Convolutional Neural Networks,"c, computer vision, deep learning, machine learning, neural networks, r, tensorflow"
Medical Neuroscience,
Web Design for Everybody: Basics of Web Development & Coding,"c, css, html, java, javascript, r, web development"
Global Diplomacy – Diplomacy in the Modern World,"c, r"
Google IT Support,
Conduct UX Research and Test Early Concepts,"c, r"
Data Visualization with Tableau,"c, data visualization, r, tableau"
Introduction to Mathematical Thinking,"c, r"
Global Procurement and Sourcing,"c, r"
Six Sigma Black Belt,"c, r"
IBM z/OS Mainframe Practitioner,"c, databases, r"
Preparing  Data for Analysis with Microsoft Excel,"c, power bi, r"
Python Basics,"c, python, r"
Human Resources Analytics,"c, data visualization, r"
Think Outside the Inbox: Email Marketing,"c, git, r"
Design Thinking,"c, r"
Good with Words: Writing and Editing,"c, r"
Google UX Design (DE),"c, r"
The Business of Music Production,"c, deep learning, r"
Dynamic Public Speaking,"c, r"
Fundamentals of Finance,"c, r"
Robotics,"c, computer vision, matlab, r"
Excel Skills for Business: Essentials,"c, data visualization, r"
Blockchain,"c, r, software engineering"
Google データアナリティクス,"c, data visualization, databases, r, sql, tableau"
Anatomy,r
IBM Full Stack Software Developer,
Machine Learning for Trading,"c, cloud computing, deep learning, machine learning, neural networks, python, r"
"Ethics, Technology and Engineering",r
Object Oriented Programming in Java,"c, java, r, software engineering"
The Art of Visual Storytelling,r
The DIY Musician,"c, r"
Salesforce Sales Development Representative,"c, r"
Reducing Gun Violence in America: Evidence for Change,r
Microsoft Windows Defender and Firewall for Beginners,r
Algorithms for Battery Management Systems,"c, r"
Innovative Teaching with ChatGPT,r
Data Analysis with Python,"c, data visualization, machine learning, python, r"
International Women's Health and Human Rights,r
Business English Communication Skills,"c, data visualization, r"
Cryptography I,"c, r"
Bayesian Statistics,"c, machine learning, r"
Data Visualization and Dashboards with Excel and Cognos,"c, data visualization, r"
Software Testing and Automation,"c, css, html, java, r, software engineering, web development"
AWS Cloud Practitioner Essentials,"c, cloud computing, r"
Google UX Design,"c, r"
Everyday Excel,"c, data visualization, r"
Bioinformatics,"c, python, r"
"Food Sustainability, Mindful Eating, and Healthy Cooking",r
Calculus for Machine Learning and Data Science,"c, machine learning, neural networks, r"
Work Smarter with Microsoft Word,"c, data visualization, r"
Data Science Methodology,"c, data science, machine learning, python, r"
Google IT Support,"c, cloud computing, databases, linux, r"
Power Electronics,r
Photography Basics and Beyond: From Smartphone to DSLR,"c, r"
Probabilistic Graphical Models,"c, machine learning, r"
Sequence Models,"c, deep learning, machine learning, neural networks, python, r, tensorflow"
Business Value and Project Management,"c, r"
Advanced Data Science with IBM,"c, cloud computing, deep learning, feature engineering, machine learning, neural networks, python, r, sql, tensorflow"
Create High-Fidelity Designs and Prototypes in Figma,"c, r"
Primeros Auxilios Psicológicos (PAP),r
AI & Law,"c, machine learning, r"
The Singer Songwriter,"c, r"
Business Statistics and Analysis,"c, data visualization, r"
Decentralized Finance (DeFi): The Future of Finance,"c, r"
Learning How to Learn: Powerful mental tools to help you master tough subjects,"c, r"
Google UX Design (PT),"c, r"
Talent Acquisition,"c, r"
Supply Chain Analytics,"c, data science, r"
Human Anatomy and Medical Terminology Fundamentals,r
Customer Analytics,"c, r"
Creating Business Value with Data and Looker,"c, cloud computing, data visualization, databases, machine learning, r, sql"
English for Career Development,"c, r"
Introduction to Front-End Development,"c, css, html, r, web development"
Web Applications for Everybody,"c, css, databases, html, java, javascript, r, sql, web development"
MLOps | Machine Learning Operations,"azure, c, cloud computing, machine learning, python, r"
SQL for Data Science,"c, databases, r, sql"
Data Science Foundations: Statistical Inference,"c, r"
Google サイバーセキュリティ,r
Google Project Management (PT),"agile software development, c, r"
Python Project for Data Science,"c, data science, python, r"
Music Production,"c, r"
"GIS, Mapping, and Spatial Analysis","c, data visualization, databases, r"
International Humanitarian Law in Theory and Practice,r
Transforming the Fashion Business,"c, r"
Biostatistics in Public Health,"c, data visualization, r"
Animal Behaviour and Welfare,r
Foundational Finance for Strategic Decision Making,"c, r"
Statistical Analysis with R for Public Health,"c, r"
Renewable Energy,"c, feature engineering, r"
"TESOL Certificate, Part 2: Teach English Now!",r
Business Analytics,"c, data visualization, machine learning, r"
Fundamentals of Accounting,"c, r"
User Experience Research and Design,"c, r"
Goodwill® Career Coach and Navigator,"c, r"
Futures Thinking,"c, r"
Foundations of Data Structures and Algorithms,"c, python, r"
School Health for Children and Adolescents,r
First Step Korean,"c, r"
Réussir le Changement,"c, r"
Self-Driving Cars,"c, computer vision, machine learning, neural networks, python, r, software engineering"
Assess for Success: Marketing Analytics and Measurement,"git, r"
Neuroscience and Neuroimaging,"c, data visualization, r"
Impact Measurement & Management for the SDGs,"c, r"
Introduction to Data Engineering,"c, data science, databases, r, sql"
Cancer Biology,r
Design and Interpretation of Clinical Trials,r
Digital Product Management: Modern Fundamentals,"c, r"
An Introduction to Consumer Neuroscience & Neuromarketing,"c, r"
"Strategic Leadership: Impact, Change, and Decision-Making","c, r"
Fundamentals of Graphic Design,"c, r"
Healthcare IT Support,"c, r"
Social Psychology,r
Build Dynamic User Interfaces (UI) for Websites,"c, r, web development"
Getting Started with Power BI Desktop,"c, data visualization, power bi, r"
Six Sigma Green Belt,"c, data visualization, r"
Probability & Statistics for Machine Learning & Data Science,"c, r"
FPGA Design for Embedded Systems,"c, r"
AWS Cloud Technical Essentials,"c, cloud computing, r"
Market Research,"c, data visualization, git, r"
Forensic Accounting and Fraud Examination,"c, r"
Coding for Everyone: C and C++,"c, c++, r"
Overcoming Dyslexia,r
Digital Manufacturing & Design Technology,"c, cloud computing, data visualization, git, machine learning, r"
Understanding Clinical Research: Behind the Statistics,"c, r"
Practical Guide to Trading,"c, r"
Meta AR Developer,"c, java, javascript, r"
Health Informatics,"c, data science, databases, r"
PostgreSQL for Everybody,"c, databases, python, r, sql"
Introduction to Software Engineering,"agile software development, c, python, r, software engineering"
Positive Psychiatry and Mental Health,"c, r"
Machine Learning Data Lifecycle in Production,"c, feature engineering, machine learning, python, r, tensorflow"
Healthy and Sustainable Foods and Products,"c, r"
Corporate Strategy,"c, r"
Healthcare Law,"c, r"
IBM & Darden Digital Strategy,c
Financial Management,"c, r"
Digital Technologies and the Future of Manufacturing,"c, feature engineering, r"
Java FullStack Developer,"c, java, javascript, r, web development"
The Path to Insights: Data Models and Pipelines,"c, r"
Write Professional Emails in English,"c, r"
Game Design: Art and Concepts,"c, r"
Convolutional Neural Networks in TensorFlow,"c, computer vision, deep learning, machine learning, neural networks, python, r, tensorflow"
Work Smarter with Microsoft Excel,"c, data visualization, databases, r"
Managerial Accounting Fundamentals,"c, r"
Learn Spanish: Basic Spanish Vocabulary,"c, r"
Extended Reality for Everybody,"c, r"
Data Management for Clinical Research,"c, r"
Data Analysis with R,"c, r"
Build a Modern Computer from First Principles: From Nand to Tetris (Project-Centered Course),"c, r"
Behavioral Finance,"c, r"
Customer Experiences with Contact Center AI - Dialogflow CX,"c, machine learning, r"
"Introduction to Web Development with HTML, CSS, JavaScript","c, java, javascript, r, web development"
Organizational Leadership,"c, r"
Introduction to Psychology,r
Autodesk Certified Professional: AutoCAD for Design and Drafting Exam Prep,"c, feature engineering, r, software engineering"
Investment and Portfolio Management,"c, r"
Viral Marketing and How to Craft Contagious Content,"c, r"
"Aspectos básicos: Datos, datos, en todas partes","c, databases, r, sql"
Project Planning,r
"Make the Sale: Build, Launch, and Manage E-commerce Stores","c, git, r"
"AI, Business & the Future of Work","c, machine learning, r"
Climate Change and Sustainable Investing,"c, r"
Go Beyond the Numbers: Translate Data into Insights,"python, r, tableau"
"Modern Robotics:  Mechanics, Planning, and Control","c, matlab, python, r"
Epidemiology in Public Health Practice,"data visualization, r"
Introduction to Large Language Models,r
Excel to MySQL: Analytic Techniques for Business,"c, data visualization, databases, r, sql, tableau"
Site Reliability Engineering: Measuring and Managing Reliability,"c, r, software engineering"
Emotional Intelligence: Cultivating Immensely Human Interactions,"c, r"
Learn English: Beginning Grammar,"c, r"
"Songwriting: Writing, Arranging, and Producing Music",r
Google Cloud Fundamentals: Core Infrastructure,"c, cloud computing, kubernetes, r"
Optical Engineering,r
Value Chain Management,"c, r"
Introductory Human Physiology,
Become an EMT,"c, r"
Customer Service Fundamentals,"c, r"
"Advanced Valuation and Strategy - M&A, Private Equity, and Venture Capital","c, r"
Instructional Methods in Health Professions Education,r
Gamification,"c, r"
Music Education for Teachers,r
Child Nutrition and Cooking,r
Medical Terminology,"c, r"
Fundamentals of Flight mechanics,"c, r"
Using Public Policy for Social Change,r
Google Digital Marketing & E-commerce,
Blockchain Revolution,"c, r"
Autodesk CAD/CAM/CAE for Mechanical Engineering,r
TensorFlow: Data and Deployment,"c, computer vision, deep learning, java, javascript, machine learning, neural networks, python, r, tensorflow, web development"
Exploratory Data Analysis for Machine Learning,"c, feature engineering, machine learning, r"
Programming in C++: A Hands-on Introduction,"c, r"
Introduction to Corporate Finance,"c, r"
Agile Leadership,"c, r"
تحليلات البيانات من Google,"c, data visualization, databases, python, r, sql"
Introduction to Cyber Security,"c, cloud computing, r"
Google Data Analytics (DE),"c, r, software engineering, sql"
Python and Statistics for Financial Analysis,"c, python, r"
Introduction to Philosophy,r
Natural Language Processing with Probabilistic Models,"c, machine learning, python, r"
Economics of Money and Banking,c
Design a User Experience for Social Good & Prepare for Jobs,"c, r"
Fundamentos de la gestión de proyectos,"c, r"
"Sequences, Time Series and Prediction","c, data visualization, deep learning, machine learning, neural networks, r, tensorflow"
The Manager's Toolkit: A Practical Guide to Managing People at Work,"c, r"
Managing Cybersecurity,"c, r"
Python Data Structures,"c, python, r, software engineering"
Cybersecurity Operations Fundamentals,r
Build Basic Generative Adversarial Networks (GANs),"c, deep learning, machine learning, neural networks, python, r"
Microsoft Azure Data Fundamentals DP-900 Exam Prep,"azure, c, cloud computing, data visualization, databases, r, sql"
Reporting extra-financier et stratégie RSE,"c, r"
Introduction to DevOps,"c, r, software engineering"
International Marketing & Cross Industry Growth,"c, r"
Computational Thinking for Problem Solving,"c, python, r"
Algebra: Elementary to Advanced,"c, r"
Culture-Driven Team Building,"c, r"
Python Programming Fundamentals,"c, python, r"
Music Business,"c, deep learning, r"
Functional Programming in Scala,"c, r, scala, sql"
Organizational Change and Culture for Adopting Google Cloud,"c, cloud computing, kubernetes, r, software engineering"
Professional Skills for the Workplace,"c, r"
Fundamentals of Immunology,r
Introduction to Public Relations and the Media,"c, r"
"Information Systems Auditing, Controls and Assurance","c, r"
SAP Professional Fundamentals,"c, r"
"Python Functions, Files, and Dictionaries","c, python, r"
Finance for Technical Managers,"c, r"
Electric Industry Operations and Markets,"c, r"
"Hotel Management: Distribution, Revenue and Demand Management","c, r"
The Science of Well-Being for Teens,r
Google Data Analytics,
Entrepreneurial Finance: Strategy and Innovation,"c, r"
Abnormal Psychology,r
Fundraising and Development,"c, r"
Finance for Non-Finance Professionals,c
GPU Programming,"c, c++, data science, machine learning, neural networks, python, r"
Étudier en France: French Intermediate course B1-B2,"c, r"
Engineering Project Management,"c, r"
Robotic Process Automation (RPA),"c, r"
ESG Risks and Opportunities,"c, r"
Wind Energy,r
Natural Language Processing in TensorFlow,"c, deep learning, machine learning, neural networks, python, r, tensorflow"
Construction Project Management,"c, r"
Machine Learning Foundations for Product Managers,"c, data science, deep learning, machine learning, r"
Principles of Sustainable Finance,"c, r"
Marketing Analytics,"c, git, r"
Fractal Data Science,"c, feature engineering, power bi, r, sql"
Programming with JavaScript,"c, java, javascript, r, web development"
Coaching Skills for Managers,"c, r"
Driving business towards the Sustainable Development Goals,"c, r"
Positive Psychology: Martin E. P. Seligman’s Visionary Science,r
Financial Accounting Fundamentals,"c, r"
Marketing Strategy,"c, r"
Science of Exercise,r
Data Visualization with Python,"c, data visualization, python, r"
Electronic Music Production,r
C Programming with Linux,"c, linux, r"
Cybersecurity Attack and Defense Fundamentals,"c, cloud computing, kubernetes, r"
Sports Performance Analytics,"c, machine learning, python, r"
Marketing en redes sociales de Meta,"c, git, r"
Introduction to Computers and Operating Systems and Security,"c, cloud computing, r"
Miracles of Human Language: An Introduction to Linguistics,r
Introductory C Programming,"c, data visualization, python, r, software engineering"
Antibiotic Stewardship,r
Artificial Intelligence: an Overview,"c, machine learning, r"
Social Media Management,"c, git, r"
The Pronunciation of American English,c
AI Applications in Marketing and Finance,"c, machine learning, r"
Pre-MBA Statistics,"c, data science, r"
Dog Emotion and Cognition,r
Vivre avec le TDAH à travers les âges,r
Hands-on Introduction to Linux Commands and Shell Scripting,linux
An Introduction to Programming the Internet of Things (IOT),"c, c++, python, r"
Sales and CRM Overview,"c, databases, r"
Harnessing the Power of Data with Power BI,"c, power bi, r"
Finding Your Professional Voice: Confidence & Impact,c
Fundamentos de la ciberseguridad,"python, r, sql"
Creative Thinking: Techniques and Tools for Success,"c, r"
Leading Diverse Teams & Organizations,"c, r"
Learn English: Intermediate Grammar,"c, r"
International Organizations Management,"c, r"
Programming with Google Go,"c, r, software engineering"
Microeconomics: The Power of Markets,"c, r"
Fundamentals of Computing,"c, python, r"
Getting Started with Git and GitHub,"c, r, software engineering"
Assets in Accounting,"c, r"
AI and Public Health,"c, neural networks, python, r"
IA generativa en el aula,r
Introduction to User Experience Design,"c, r"
Moral Foundations of Politics,"c, r"
Satisfaction Guaranteed: Develop Customer Loyalty Online,"c, git, r"
Business Strategies for A Better World,"c, r"
AI for Medical Diagnosis,"c, deep learning, machine learning, neural networks, python, r"
Advanced Embedded Linux Development,"agile software development, c, linux, r"
Game Design and Development with Unity 2020,"c, r, software engineering"
Embedding Sensors and Motors,r
"Introduction to Biology: Ecology, Evolution, & Biodiversity",r
The Power of Statistics,"c, python, r"
C# Programming for Unity Game Development,"c, r, software engineering"
Advanced Machine Learning on Google Cloud,"c, cloud computing, machine learning, neural networks, r, tensorflow"
Palliative Care Always,c
Supply Chain Principles,"c, r"
Understanding Research Methods,r
Leading: Human Resource Management and Leadership,"c, r"
Oil & Gas Industry Operations and Markets,r
Mathematics for Machine Learning: Linear Algebra,"c, machine learning, python, r"
IELTS Preparation,r
Developing APIs with Google Cloud's Apigee API Platform,"c, cloud computing, r, software engineering"
International Law In Action: Investigating and Prosecuting International Crimes,r
How to Play Guitar,"c, r"
Databases for Data Scientists,"c, data science, databases, r, sql"
Introduction to Python Programming,"c, python, r"
Contabilidad para no contadores,"c, r"
Introduction to Embedded Systems Software and Development Environments,"c, r, software engineering"
Spanish for Successful Communication in Healthcare Settings,c
International Leadership and Organizational Behavior,"c, r"
Introduction to Spreadsheets and Models,"c, r"
"Concepts, Strategies, and Analytics in Performance Marketing and Digital Advertising","c, git, r"
Improving Communication Skills,c
Social Media Marketing in Practice,"c, git, r"
Marketing Mix Implementation,"c, r"
Introduction to Electronics,r
Industrial Biotechnology,r
SAS Visual Business Analytics,"c, data visualization, r"
Fundamentos del marketing digital y comercio electrónico,"c, r"
Information​ ​Systems,"agile software development, c, cloud computing, machine learning, r"
Fundamentals of Machine Learning for Healthcare,"c, machine learning, r"
Learn to Program: The Fundamentals,"c, python, r"
Food & Beverage Management,"c, r"
AI For Everyone （すべての人のためのAIリテラシー講座）,"c, deep learning, machine learning, r"
Introduction to English Common Law,r
Linux and Private Cloud Administration on IBM Power Systems,"c, cloud computing, linux, r"
Google Cybersecurity,
Suporte em TI do Google,"c, cloud computing, linux, machine learning, r"
Project Management: Foundations and Initiation,"c, r"
Terrorism and Counterterrorism: Comparing Theory and Practice,r
Fundamentals of Engineering Exam Review,r
Future Ready Company,"c, r"
Tally Bookkeeper,"c, r"
Using Python to Interact with the Operating System,"c, python, r"
Integrative Health and Medicine,r
International Law in Action: the Arbitration of International Disputes,r
DataOps Methodology,"c, r"
Introduction to Computer Science and Programming,"c, java, javascript, r"
"Cybersecurity Roles, Processes & Operating System Security","c, cloud computing, linux, r"
Sports Marketing,"c, r"
Version Control,"c, linux, r, software engineering, web development"
Become a Journalist: Report the News!,"c, r"
Introduction to Deep Learning & Neural Networks with Keras,"c, deep learning, machine learning, neural networks, python, r"
Professionalism in Allied Health,"c, r"
"Python, Bash and SQL Essentials for Data Engineering","c, databases, linux, machine learning, python, r, software engineering, sql"
Introduction to Programming with MATLAB,"c, matlab, r"
Introduction to Clinical Data,
American Contract Law I,"c, r"
Data Collection and Processing with Python,"c, python, r"
Wireshark for Beginners: Capture Packets,r
Fundamentals of Reinforcement Learning,"c, machine learning, python, r"
Strategic Management and Innovation,"c, r"
Computational Social Science,"c, machine learning, r"
CompTIA a+_ cyber,"c, cloud computing, r"
Google Project Management:,
Advanced Business Analytics,"c, data visualization, databases, machine learning, r, sql"
Fundamentals of GIS,"c, data visualization, databases, r"
Making Architecture,"c, r"
Développement psychologique de l'enfant,r
Natural Language Processing with Attention Models,"c, deep learning, machine learning, neural networks, python, r"
How Things Work: An Introduction to Physics,"c, deep learning, feature engineering, r"
Aspectos básicos del diseño de la experiencia del usuario,"c, r"
Object-Oriented Data Structures in C++,"c, r"
Entrepreneurship 1: Developing the Opportunity,"c, r"
Inspired Leadership,"c, r"
Excel Skills for Business: Intermediate I,"c, databases, r"
Digital Transformation Using AI/ML with Google Cloud,"c, cloud computing, kubernetes, machine learning, r, software engineering"
"Divide and Conquer, Sorting and Searching, and Randomized Algorithms","c, r"
Sales Operations/Management,"c, r"
Cybersecurity,"c, r, software engineering"
Corporate Sustainability. Understanding and Seizing the Strategic Opportunity,"c, r"
The Fundamentals of Personal Finance,"c, r"
Data Analytics in the Public Sector with R,"c, r"
Machine Learning Modeling Pipelines in Production,"c, cloud computing, machine learning, r"
First Principles of Computer Vision,"c, computer vision, r"
"Negotiation, Mediation and Conflict Resolution","c, r"
Introduction to Agile Development and Scrum,"agile software development, c, r, software engineering"
Fundamentals of Music Theory,r
Competitive Strategy and Organization Design,"c, r"
PwC GST Taxation Executive,"c, r"
"Project Management Foundations, Initiation, and Planning","c, r"
Google Cloud Big Data and Machine Learning Fundamentals,"c, cloud computing, machine learning, r"
Corporate & Commercial Law I: Contracts & Employment Law,"c, r"
Financial Acumen for Non-Financial Managers,"c, r"
Introduction to Finance: The Basics,"c, r"
Core Java,"c, java, r, software engineering, web development"
CompTIA a+_ network,"c, r"
Healing with the Arts,r
Deploying Machine Learning Models in Production,"c, cloud computing, deep learning, kubernetes, machine learning, r"
Security and Privacy for Big Data - Part 1,"c, r"
Microsoft Azure AI Fundamentals AI-900 Exam Prep,"azure, c, cloud computing, computer vision, machine learning, r"
Excel for Beginners: Introduction to Spreadsheets,"c, r"
Machine Learning and Reinforcement Learning in Finance,"c, deep learning, machine learning, neural networks, r, tensorflow"
Object Oriented Programming,r
Nuts and Bolts of U.S. Immigration Law,r
Learning Linux for LFCA Certification,"c, cloud computing, linux, r, software engineering"
Customer Experiences with Contact Center AI - Dialogflow ES,"c, machine learning, r"
Introduction to AI in the Data Center,"c, deep learning, machine learning, r"
"Decisions, Decisions: Dashboards and Reports","c, r, tableau"
Generative AI Primer,r
"Organizational Leadership in Diversity, Equity & Inclusion","c, r"
Omnichannel Retail Strategy,"c, r"
Excel/VBA for Creative Problem Solving,"c, r"
From Excel to Power BI,"c, power bi, r"
"Speak English Professionally: In Person, Online & On the Phone",c
Vital Signs: Understanding What the Body Is Telling Us,
Visualizing the Living Body: Diagnostic Imaging,r
TOEFL Preparation,r
Equine Welfare and Management,r
Understanding Einstein: The Special Theory of Relativity,"c, r"
Design of Experiments,"c, r"
Analyze Datasets and Train ML Models using AutoML,"c, r"
Introduction to Computer Vision and Image Processing,"c, computer vision, data science, deep learning, machine learning, neural networks, python, r"
Auditing I: Conceptual Foundations of Auditing,"c, r"
European Business Law,"c, r"
International Business Essentials,"c, r"
Introduction to Machine Learning,"c, deep learning, machine learning, neural networks, python, r"
Write Your First Novel,r
Supply Chain Logistics,"c, r"
Business Sustainability in the Circular Economy,r
.NET FullStack Developer,"c, java, javascript, r"
Essentials in Clinical Simulations Across the Health Professions,r
English for Business and Entrepreneurship,"c, r"
Health Behavior Change: From Evidence to Action,r
Introduction to Web Development,"c, css, html, java, javascript, r, web development"
Data Science with Databricks for Data Analysts,"c, data science, feature engineering, machine learning, python, r, sql"
Linear Algebra from Elementary to Advanced,"c, r"
Memoir and Personal Essay: Write About Yourself,r
Using Python to Access Web Data,"c, css, html, python, r, web development"
Tableau Public for Project Management and Beyond,
Innovation Management,"c, r"
Managing the Company of the Future,r
Learn Chinese: HSK Test Preparation,"c, r"
Foundations of Public Health Practice,"c, r"
Marketing digital e e-commerce do Google,"c, r"
Developing Your Musicianship,r
Dino 101: Dinosaur Paleobiology,r
What is Compliance?,"c, r"
AI Strategy and Governance,"c, machine learning, r"
AI Applications in People Management,"c, machine learning, r"
Rust Fundamentals,r
Interaction Design,"c, r"
Arts and Heritage Management,"c, r"
"Extract, Transform and Load Data in Power BI","c, power bi, r"
Semiconductor Devices,r
Introduction to Responsible AI,r
An Introduction to Accessibility and Inclusive Design,"c, r"
ASP.NET for Experienced Developers,"c, r"
Uncommon Sense Teaching,r
"Introduction to Financial Analysis - The ""Why?""","c, r"
Statistics with Python,"c, data visualization, python, r"
Financial Reporting,"c, r"
Circular Economy - Sustainable Materials Management,"c, r"
Troubles du spectre de l'autisme : diagnostic,r
Digital Health,r
Foundations of Teaching for Learning: Curriculum,
Machine Learning,"c, machine learning, python, r"
Chinese for Beginners,c
Security and Privacy for Big Data - Part 2,"c, r"
An Introduction to American Law,r
Essentials of Global Health,r
Developing Front-End Apps with React,"c, java, javascript, r, web development"
Learning for a Sustainable Future,"c, r"
IBM Data Science,
Digital Marketing Strategy and Planning,"c, git, r"
Reign of Pain,"c, r"
Curanderismo: Traditional Healing Using Plants,r
Whole genome sequencing of bacterial genomes - tools and applications,"c, r"
Object Oriented Java Programming: Data Structures and Beyond,"c, java, r, software engineering"
Python Classes and Inheritance,"c, python, r"
Astronomy: Exploring Time and Space,r
Microsoft Azure Security Engineer Associate (AZ-500),r
Marine Biology,r
Inclusive Leadership: The Power of Workplace Diversity,"c, r"
Qualitative Research Design and Methods for Public Health,
Suicide Prevention,r
Regression Analysis: Simplify Complex Data Relationships,"c, python, r"
Understanding child development: from synapse to society,"c, r"
Narrative Economics,r
Digital Transformation in Financial Services,"c, r"
Data Literacy,"c, data visualization, r"
Building AI Powered Chatbots Without Programming,"c, cloud computing, machine learning, r"
From Data to Insights with Google Cloud,"c, cloud computing, data visualization, databases, machine learning, r, sql"
Patient Safety,"c, r"
Microeconomics Principles,"c, r"
Introducción a la programación en Python I: Aprendiendo a programar con Python,"c, python, r"
Introduction to Google SEO,"c, git, r, web development"
Diversity and Inclusion in Education,r
Introduction to Good Clinical Practice,r
Microsoft Power Platform Fundamentals,"c, data visualization, power bi, r"
Introduction to Technical Support,"c, r"
Immunology: The Immune System and its Failures,r
Trading Strategies in Emerging Markets,"c, r"
IBM Data Analyst,
Deep Neural Networks with PyTorch,"c, deep learning, machine learning, neural networks, python, r"
Preparing for Google Cloud Certification: Cloud Data Engineer Professional Certificate 日本語版,"c, cloud computing, databases, machine learning, r, sql, tensorflow"
"Data Engineering, Big Data and ML on Google Cloud 日本語版","c, cloud computing, databases, machine learning, r, sql, tensorflow"
Executive Data Science,"c, machine learning, r"
Social Work Practice: Advocating Social Justice and Change,c
Accounting: Principles of Financial Accounting,c
Sales Training for High Performing Teams,"c, r"
Natural Language Processing with Sequence Models,"c, deep learning, machine learning, neural networks, python, r"
Google IT Support (Deutsch),"c, cloud computing, linux, r"
Solar Energy Basics,r
Effective Programming in Scala,"c, r, scala"
Administración de Empresas,"c, r"
Getting Started with AI using IBM Watson,"c, cloud computing, deep learning, machine learning, neural networks, r"
Introduction to Sustainability,r
"FinTech: Foundations, Payments, and Regulations","c, r"
Desarrollador front-end de Meta,r
Data Visualization & Dashboarding with R,"c, data visualization, r"
Mindfulness and Well-being,c
Marketing with TikTok,"c, git, r"
Business Model Innovation,"c, r"
Gestion de projet de Google,"c, c++, r"
Introduction to Hardware and Operating Systems,"c, r"
Addiction Treatment: Clinical Skills for Healthcare Providers,r
Autodesk Certified Professional: Revit for Architectural Design Exam Prep,r
Data Science Math Skills,"c, r"
Introduction to Engineering Mechanics,r
Precision Medicine,r
Arm Cortex-M Architecture and Software Development,r
Biology Meets Programming: Bioinformatics for Beginners,"c, r"
The Arts and Science of Relationships: Understanding Human Needs,c
Introduction to Operations Management,r
Generative AI: Introduction and Applications,r
Akamai Customer Consulting and Support,"c, r"
Akamai Network Engineering,"c, r"
Introduction to Scripting in Python,"c, data visualization, python, r"
Linear Circuits 1: DC Analysis,r
Computational Neuroscience,"c, machine learning, neural networks, python, r"
Introduction to Systems Engineering,r
Wine Tasting: Sensory Techniques for Wine Analysis,r
Battery Technologies,r
"Creativity, Innovation and Transformation","c, r"
Healthier Materials and Sustainable Building,r
Developing AI Applications with Python and Flask,"c, python, r"
"Python Project: pillow, tesseract, and opencv","c, python, r"
Android App Development,"c, java, r, software engineering"
Inspiring and Motivating Individuals,"c, r"
Weight Management: Beyond Balancing Calories,r
"Spark, Hadoop, and Snowflake for Data Engineering","python, r"
Everyday Parenting: The ABCs of Child Rearing,r
Diseño Instruccional: Aprendizaje activo y Pedagogía digital,"c, r"
Financial Technology (Fintech) Innovations,"c, machine learning, r"
Data-driven Decision Making,"c, data visualization, r"
Write A Feature Length Screenplay For Film Or Television,r
Teach English Now! Foundational Principles,"c, r"
Introduction to Back-End Development,"c, css, html, r, web development"
Visual Elements of User Interface Design,"c, r, web development"
Medical Terminology and the Human Body Fundamentals,r
Generative AI for Everyone,"c, r"
Introduction to Microsoft Azure Cloud Services,"azure, c, cloud computing, databases, r"
Introduction to Logic and Critical Thinking,"c, r"
Foundations for Assisting in Home Care,r
Social Media Marketing,"c, git, r"
CAD and Digital Manufacturing,"c, feature engineering, r, software engineering"
"Federal Taxation I: Individuals, Employees, and Sole Proprietors","c, r"
Introduction to Medical Software,"c, r, software engineering"
"Everyday Excel, Part 1","c, data visualization, r"
User Interface Design,"c, r"
Strategy and Sustainability,"c, r"
C++ Programming for Unreal Game Development,"c, r"
"Sleep: Neurobiology, Medicine, and Society",r
Introduction to Financial Engineering and Risk Management,"c, r"
Clinical Terminology for International and U.S. Students,c
Financial Planning for Young Adults,"c, r"
English for Common Interactions in the Workplace: Basic Level,r
Finanzas corporativas,"c, r"
Understanding Basic SQL Syntax,sql
Introduction to Forensic Science,r
Software Development Lifecycle,"agile software development, c, r, software engineering"
Image Processing for Engineering and Science,"c, computer vision, data visualization, matlab, r"
Relationship Management and Business Development,"c, r"
Expressway to Data Science: Essential Math,"c, r"
React Basics,"c, java, javascript, r, web development"
Introduction to High-Performance and Parallel Computing,"c, linux, r"
FinTech: Finance Industry Transformation and Regulation,"c, r"
Learning and Development,r
Alexander Technique: Balanced Posture for Ease and Comfort,"c, r"
Introduction to Data Science in Python,"c, python, r"
Real-World Cloud Product Management,"c, cloud computing, r"
Kotlin for Java Developers,"c, r, software engineering"
Accounting Data Analytics,"c, data visualization, databases, machine learning, python, r, sql"
Claves de la Dirección de Empresas,"c, r"
Analysing: Numeric and digital literacies,"c, data visualization, git, r, tableau"
Initiating and Planning Projects,"c, r"
Fundamentals of Social Media Advertising,"c, git, r"
Health Information Literacy for Data Analytics,"c, databases, r"
Water Cooperation and Diplomacy,
Big Data,"c, cloud computing, data visualization, databases, machine learning, r, sql"
Ethical Leadership,"c, r"
Mastering Final Cut Pro,"c, r"
Finance for Non-Financial Managers,"c, r"
Refugees in the 21st Century,r
Operations Analytics,"c, r"
Introduction to Scrum Master Training,"agile software development, c, r, software engineering"
Foundations of Teaching for Learning: Introduction,r
Improving Leadership & Governance in Nonprofit Organizations,"c, r"
Dirección y Gestión de Negocios,"c, r"
Investment Management in an Evolving and Volatile World by HEC Paris and AXA Investment Managers,"c, r"
Cybersecurity Compliance Framework & System Administration,"c, linux, r"
Foundations of Global Health,"c, r"
Building No-Code Apps with AppSheet,"c, databases, r"
A Crash Course in Causality:  Inferring Causal Effects from Observational Data,"c, r"
Data Modeling in Power BI,"power bi, r"
The Nuts and Bolts of Machine Learning,"c, machine learning, python, r"
Coding for Beginners: An Easy Introduction,"c, python, r"
Children's Human Rights - An Interdisciplinary Introduction,r
Цифровий маркетинг і електронна комерція від Google,"c, git, r, web development"
Data Science: Statistics and Machine Learning,"c, data visualization, machine learning, r, web development"
Foundations of Data Science: K-Means Clustering in Python,"c, data visualization, machine learning, python, r"
Conflict Management,"c, r"
Politics and Economics of International Energy,r
"Penetration Testing, Incident Response and Forensics","c, python, r"
English Composition I,r
Data Warehousing for Business Intelligence,"c, data visualization, databases, r, sql"
Algorithmic Toolbox,"c, r"
Gender Analytics: Gender Equity through Inclusive Design,"c, r"
ChatGPT for Beginners: Save time with Microsoft Excel,"c, r"
Blood Film Morphology - A Practical Guide,r
Flores Master of Business Administration,r
Managerial Economics and Business Analysis,"c, r"
Python for Cybersecurity,"c, python, r"
Introduction to Systems Engineering,r
People Analytics,"c, r"
Foundations of Business Strategy,r
Science of Diet and Exercise,r
Learn English: Advanced Grammar and Punctuation,r
"Introduction to Containers w/ Docker, Kubernetes & OpenShift","c, cloud computing, docker, kubernetes, r"
Epidemiology for Public Health,"c, r"
Machine Learning for All,"c, deep learning, machine learning, neural networks, r"
Probability Theory: Foundation for Data Science,"c, r"
Medical Billing and Coding Essentials,r
Evaluations of AI Applications in Healthcare,r
Build a Modern Computer from First Principles: Nand to Tetris Part II (project-centered course),"c, r"
Introduction to Genetics and Evolution,r
Cyber Security Fundamentals,"c, r"
Introduction to Git and GitHub,"c, python, r"
Diversity and Inclusion for HR Professionals,"c, r"
AI Foundations: Prompt Engineering with ChatGPT,r
Global Diplomacy: the United Nations in the World,r
Advertising with Meta,"c, git, r"
Rédaction de contrats,r
Introduction to Cybersecurity & Risk Management,r
Business Models For Sustainability,r
FinTech Law and Policy,"c, r"
Drug Discovery,r
Introduction to Logic,"c, r"
Financing and Investing in Infrastructure,"c, r"
EDIVET: Do you have what it takes to be a veterinarian?,r
SAS Advanced Programmer,"c, databases, r, sql"
Schizophrenia,r
Negotiations,r
Google Data Analytics,
Google Cybersecurity,
"Innovation Through Design: Think, Make, Break, Repeat","c, r"
Introduction to Public Speaking,"c, r"
The Social Context of Mental Health and Illness,c
Blockchain Revolution in Financial Services,"c, r"
Diversité et inclusion sur le lieu de travail,"c, r"
Introduction to Industrial Bioprocess Development,r
Creative Writing: The Craft of Plot,r
Foundations of Software Testing and Validation,r
Responsive Website Development and Design,"c, css, databases, html, java, javascript, r, web development"
High Stakes Leadership: Leading in Times of Crisis,"c, r"
Web3 and Blockchain in Global Commerce,"c, r"
Building Scalable Java Microservices with Spring Boot and Spring Cloud,"c, cloud computing, java, kubernetes, r"
Positive Psychology,r
GenAI for Everyone,"c, r"
Excel Fundamentals for Data Analysis,"c, r"
Formal Financial Accounting,"c, r"
Cost and Economics in Pricing Strategy,"c, r"
Essentials of Management and Strategic Planning,"c, r"
English for Journalism,r
Professional Selling: 3 Steps to High-Performance,r
Global Energy and Climate Policy,r
Marketing Digital,"c, git, r"
Fundamentals of Technology Sales,"c, r"
Aboriginal Worldviews and Education,"c, r"
Entrepreneurship Strategy: From Ideation to Exit,"c, r"
The hidden value – Lean in manufacturing and services,"c, r"
Spreadsheets for Beginners using Google Sheets,"c, r"
AI and Climate Change,"c, computer vision, r"
Google Project Management:,
Finanzas personales,"c, r"
Social and Economic Networks:  Models and Analysis,"c, r"
Business and Marketing Strategies,"c, r"
Interviewing and Resume Writing in English,"c, r"
Strategic Sales Management,"c, r"
Essentials of Corporate Finance,"c, r"
Innovation: From Creativity to Entrepreneurship,"c, r"
Excel for Beginners: Pivot Tables,"c, r"
Bachelor of Arts in Psychology,
Magíster en Salud Pública Global,
Maestría en Inteligencia Artificial,
Maestría en Ingeniería de Software,"c, css, html, python, r, software engineering, web development"
Master of Information Technology,
"Analítica de datos: visualización, predicción y toma de decisiones",
Introducción a la Inteligencia Artificial,
Administración de Empresas Certificado MasterTrack®,r
Principios de ingeniería de software automatizada y ágil Programa de Certificado MasterTrack®,"c, css, html, python, r, software engineering, web development"
Certificado en Gestión de Inversiones,
Sustainability and Development MasterTrack® Certificate,
Certificado en Bases de la Salud Pública,
Supply Chain Excellence MasterTrack® Certificate,
Metodologías ágiles de desarrollo de software Programa de Certificado MasterTrack®,"c, r"
Certificado en Toma de Decisiones Basadas en Datos,sql
Certificado en Finanzas Corporativas,
Certificado en Gestión y Políticas en Salud Pública,
Instructional Design MasterTrack® Certificate,"c, r"
Construction Engineering and Management MasterTrack® Certificate,"c, r"
Certificado en Introducción a la Ciencia de Datos,"c, machine learning, python, r"
Social Work MasterTrack® Certificate,"c, r"
Certificado en Modelos Analíticos para la Toma de Decisiones de Negocio,
Master of Computer and Information Technology,"c, databases, python, r"
Bachelor in Information Technology,
Master of Science in Cyber Security,
Master of Science in Construction Management,
Maestría en Inteligencia Analítica de Datos,"c, python, r"
Master of Science in Machine Learning and Data Science,
Post Graduate Diploma in Management Online,
Magíster en Inversiones y Finanzas Aplicadas,
Master of Arts in Education - Educational Technology,
Bachelor of Applied Arts and Sciences,"c, r"
Master of Public Health,
Maestría en Dirección de Empresas (MBA),r
Bachelor of Science in Business Administration,
MS in Management: Healthcare,"c, r"
Master of Engineering in Computer Engineering,
Master of Science in Management,"c, data visualization, databases, git, machine learning, python, r, sql"
Executive MBA,"c, cloud computing, r"
Master of Arts in Education - Higher Education Administration,
Bachelor of Science in General Business,"c, r"
Master of Science in Information Systems,
Master of Computer Science (feat. Data Science Track),
Master of Science in Data Science,"agile software development, c, cloud computing, computer vision, data science, data visualization, databases, deep learning, linux, machine learning, python, r, software engineering, sql"
Postgraduate Diploma in Applied Statistics,"c, r"
Master of Science in Analytics,
Master of Science in Computer Science,"agile software development, c, cloud computing, computer vision, data science, data visualization, databases, deep learning, linux, machine learning, python, r, software engineering, sql"
Master of Engineering in Engineering Management,"agile software development, c, cloud computing, computer vision, data science, data visualization, databases, deep learning, linux, machine learning, python, r, software engineering, sql"
MBA Business Analytics,"c, machine learning, r, tensorflow"
Master of Science in Software Engineering,"c, r"
Master of Science in Data Science,
Master of Business Administration,
Executive MSc & MSc in Innovation and Entrepreneurship,"c, r"
Bachelor of Arts in Liberal Studies,
Bachelor of Science in Computer Science,"c, r"
Magíster en Ciencia de Datos,"c, machine learning, python, r, sql"
Master of Science in Data Science (Statistics),
Master of Applied Data Science,"c, data visualization, databases, machine learning, python, r, sql"
Bachelor of Science in Computer Science,"c, css, html, java, javascript, r"
Bachelor of Science in Cybersecurity Technology,
Master of Science in Accounting,"c, data visualization, databases, git, machine learning, python, r, sql"
Bachelor of Science in Marketing,
Master of Science in Computer Science,
Master of Science in Civil Engineering,
M.A. Public Policy,"c, r"
Master of Science in Electrical Engineering,"agile software development, c, cloud computing, computer vision, data science, data visualization, databases, deep learning, linux, machine learning, python, r, software engineering, sql"
Magíster en Business Analytics,"c, python, r, sql"
Master of Data Science,
Bachelor of Science in Data Science & AI,
Master of Business Administration (iMBA),"c, data visualization, databases, git, machine learning, python, r, sql"
Postgraduate Certificate of Public Health,
Global Master of Public Health,"c, r"
Master of Science in Data Analytics Engineering,
Bachelor of Science in Cybersecurity Management and Policy,
Master of Science in Leadership and Human Resource Development,
Master of Advanced Study in Engineering,
"M.A. in International Relations, Security, and Strategy","c, r"
Flores Master of Business Administration,
Maestría en Gerencia de la Ingeniería,
Graduate Certificate in Taxation,"c, data visualization, git, machine learning, r"
Post Graduate Certificate in Digital Manufacturing,"c, r"
Graduate Certificate in Accounting Data Analytics,"c, data visualization, databases, git, machine learning, python, r, sql"
Engineering Management Graduate Certificate,"agile software development, c, r"
Post Graduate Certificate in Deep Learning for Computer Vision & Extended Reality (XR),
Post Graduate Certificate in Data Science & Machine Learning,"c, data science, machine learning, python, r"
Certificate in Strategic Leadership,r
Digital Transformation Certificate,
Leading Innovation With Creativity University Certificate,"c, r"
CPA Pathways Graduate Certificate,"c, data visualization, databases, git, machine learning, python, r, sql"
Graduate Diploma in Computer Science,"c, css, html, java, javascript, r"
Post Graduate Certificate in UX Design and HCI,"c, r"
Power Electronics Graduate Certificate,
Post Graduate Certificate in Robotics and Mechatronics,
Data Science Graduate Certificate,"c, data science, deep learning, machine learning, python, r"
Trust Based Leadership University Certificate,
Managerial Economics & Business Analysis Graduate Certificate,"c, r"
Semiconductor Photonics Graduate Certificate,r
Post Graduate Certificate in Natural Language Processing,
Innovation Management and Entrepreneurship University Certificate,"c, r"
Graduate Certificate in Digital Marketing,"c, data visualization, databases, git, machine learning, python, r, sql"
Financial Management Graduate Certificate,"c, data visualization, git, machine learning, r"
Digital Transformation Certificate,c
Post Graduate Certificate in 5G Technology and IoT,"c, python, r, software engineering"
Graduate Certificate in Computer Science,"c, css, html, java, javascript, r"
Value Chain Management Graduate Certificate,"c, data visualization, git, machine learning, r"
Industrial Internet of Things Graduate Certificate,"c, cloud computing, machine learning, r, software engineering"
Global Challenges in Business Graduate Certificate,"c, r"
Graduate Certificate in Strategic Leadership & Management,"c, data visualization, databases, git, machine learning, python, r, sql"
Post Graduate Certificate in Machine Learning for Finance,"c, machine learning, python, r"
Accounting Foundations Graduate Certificate,"c, data visualization, databases, git, machine learning, python, r, sql"
Post Graduate Certificate in Advanced Machine Learning & AI,
Post Graduate Certificate in Cloud Computing Applications,
Business Essentials University Certificate,"c, r"
Post Graduate Certificate in Strategic Supply Chain Management with AI,"c, machine learning, python, r"
Power Electronics and Motors for Electric Vehicles (EVs) Certificate,
Entrepreneurship and Strategic Innovation Graduate Certificate,"c, r"
